Nominal,ActualWidth_in,ActualDepth_in,Area_in2,Volume_ft3_per_ft,Density_lb_per_ft3,Weight_lb_per_ft
2x2,1.5,1.5,2.25,0.015625,34,0.53125
2x4,1.5,3.5,5.25,0.036458333333333336,34,1.2395833333333335
2x6,1.5,5.5,8.25,0.057291666666666664,34,1.94875
2x8,1.5,7.25,10.875,0.07552083333333333,34,2.567708333333333
2x10,1.5,9.25,13.875,0.09635416666666666,34,3.275
2x12,1.5,11.25,16.875,0.1171875,34,3.984375
4x4,3.5,3.5,12.25,0.08506944444444444,34,2.892361111111111
